"","States","total_count","filtered_count","total_percentage","filtered_percentage","table","fold_change"
"1","10_TssBiv",3295,230,0.401954266265729,1.27360318954538,"E029",3.16852760732588
"2","11_BivFlnk",15613,1785,1.90461667957719,9.88426823190653,"E029",5.1896364963583
"3","12_EnhBiv",27699,4341,3.37897760889057,24.037875851376,"E029",7.11394943492049
"4","13_ReprPC",68425,8465,8.34710794210395,46.8741347804419,"E029",5.61561382763512
"5","14_ReprPCWk",56367,145,6.87616270913516,0.802923749930782,"E029",0.116769160925188
"6","15_Quies",245450,53,29.9422381350298,0.293482474112631,"E029",0.00980162113430265
"7","1_TssA",81747,1726,9.97224746720017,9.55756132676228,"E029",0.958415979767667
"8","2_TssAFlnk",53852,987,6.56935998389743,5.46541890470126,"E029",0.831956068490369
"9","3_TxFlnk",913,33,0.111376098664829,0.182734370673902,"E029",1.64069645879603
"10","4_Tx",73903,23,9.01536453409292,0.127360318954538,"E029",0.0141270293034637
"11","5_TxWk",67150,49,8.19157176926971,0.271332853424885,"E029",0.0331234177112111
"12","6_EnhG",8338,23,1.01714557575831,0.127360318954538,"E029",0.125213462054914
"13","7_Enh",79532,168,9.70204148851167,0.93028406888532,"E029",0.0958853938098372
"14","8_ZNF/Rpts",3977,13,0.485150870087649,0.0719862672351736,"E029",0.148379136622322
"15","9_Het",33484,18,4.08468487151492,0.0996732930948558,"E029",0.0244017093680691
"16","10_TssBiv",4704,306,0.573850286559167,1.69369568827143,"E030",2.95145916616494
"17","11_BivFlnk",17152,2403,2.09240648704567,13.3004926108374,"E030",6.35655294187927
"18","12_EnhBiv",15208,2521,1.85525407270234,13.9536170919356,"E030",7.52113540524986
"19","13_ReprPC",75689,9627,9.23345117758861,53.2849947417944,"E030",5.77086440562198
"20","14_ReprPCWk",88736,146,10.8250805757046,0.808103171528201,"E030",0.0746510075261591
"21","15_Quies",269288,30,32.8509770337893,0.166048596889356,"E030",0.0050546014725396
"22","1_TssA",66102,1349,8.06391403956932,7.46665190679139,"E030",0.925933965832573
"23","2_TssAFlnk",82688,1369,10.0872730644142,7.57735097138429,"E030",0.751179324976896
"24","3_TxFlnk",1906,35,0.232516719001227,0.193723363037582,"E030",0.833158853564246
"25","4_Tx",63489,25,7.74514898880846,0.13837383074113,"E030",0.0178658707458148
"26","5_TxWk",63729,49,7.77442706465331,0.271212708252615,"E030",0.0348852341139957
"27","6_EnhG",6726,36,0.820518075552075,0.199258316267228,"E030",0.242844517633764
"28","7_Enh",46874,144,5.71825219646565,0.79703326506891,"E030",0.139384070111763
"29","8_ZNF/Rpts",2182,3,0.266186506222811,0.0166048596889356,"E030",0.0623805463490946
"30","9_Het",15253,24,1.86074371192325,0.132838877511485,"E030",0.0713902063246441
"31","10_TssBiv",3697,496,0.451022516966718,2.74579273693534,"E031",6.08792828216592
"32","11_BivFlnk",8816,1484,1.07552461714325,8.21523472099203,"E031",7.63835117304233
"33","12_EnhBiv",10993,1956,1.34111185529216,10.8281665190434,"E031",8.07402192167219
"34","13_ReprPC",33374,7325,4.07152433899033,40.5502657218778,"E031",9.95948012235967
"35","14_ReprPCWk",103857,1958,12.6702314159082,10.8392382639504,"E031",0.855488578554387
"36","15_Quies",263207,77,32.1104364682875,0.426262178919398,"E031",0.0132748796280106
"37","1_TssA",64150,1294,7.82610074747497,7.16341895482728,"E031",0.915324142375563
"38","2_TssAFlnk",97277,2851,11.8674918536574,15.7827723649247,"E031",1.32991642712278
"39","3_TxFlnk",1441,11,0.175797524195034,0.0608945969884854,"E031",0.346390526643182
"40","4_Tx",56618,14,6.90722014217518,0.0775022143489814,"E031",0.0112204639136599
"41","5_TxWk",102317,103,12.4823561992112,0.570194862710363,"E031",0.0456800666164612
"42","6_EnhG",7362,11,0.898141133326745,0.0608945969884854,"E031",0.0678006993877785
"43","7_Enh",58443,474,7.1298644736505,2.62400354295837,"E031",0.368029932778635
"44","8_ZNF/Rpts",2474,7,0.301820315654763,0.0387511071744907,"E031",0.128391314847129
"45","9_Het",5667,3,0.691356398066105,0.016607617360496,"E031",0.0240217887719729
"46","10_TssBiv",1834,160,0.223734933879861,0.88569056185995,"E032",3.9586601274146
"47","11_BivFlnk",12814,1759,1.56321670814424,9.73706061444783,"E032",6.22886165668423
"48","12_EnhBiv",31822,6340,3.88205728785439,35.0954885137005,"E032",9.04043549885318
"49","13_ReprPC",24080,5267,2.93758844483482,29.1558261832272,"E032",9.92508880353614
"50","14_ReprPCWk",87749,1123,10.704752842434,6.21644063105453,"E032",0.580717810355447
"51","15_Quies",276501,78,33.7311521007173,0.431774148906726,"E032",0.0128004566110727
"52","1_TssA",84467,1799,10.3043722246621,9.95848325491281,"E032",0.966432795496126
"53","2_TssAFlnk",57699,1068,7.03886693017128,5.91198450041517,"E032",0.83990570628266
"54","3_TxFlnk",1738,75,0.212023617820719,0.415167450871852,"E032",1.95811888854243
"55","4_Tx",66054,28,8.05811740594349,0.154995848325491,"E032",0.0192347468418827
"56","5_TxWk",76379,75,9.31769384667935,0.415167450871852,"E032",0.0445568890439354
"57","6_EnhG",14667,35,1.78926950666081,0.193744810406864,"E032",0.108281513592906
"58","7_Enh",74348,250,9.06992631630313,1.38389150290617,"E032",0.152580236558112
"59","8_ZNF/Rpts",2141,8,0.261186746693993,0.0442845280929975,"E032",0.169551206765025
"60","9_Het",7427,0,0.906041087200508,0,"E032",0
"61","10_TssBiv",17493,2524,2.13413071962405,13.977958686382,"E033",6.54972001379765
"62","11_BivFlnk",9823,2634,1.19839741947448,14.58714072105,"E033",12.1722063849627
"63","12_EnhBiv",4329,1048,0.528134218558995,5.80384338483691,"E033",10.9893341141057
"64","13_ReprPC",57537,7518,7.01946374063962,41.634823060309,"E033",5.93133957217581
"65","14_ReprPCWk",98844,353,12.0588816584073,1.95492052943457,"E033",0.162114579511743
"66","15_Quies",241664,77,29.4827969031742,0.426427424267597,"E033",0.0144636014577602
"67","1_TssA",111566,2681,13.6109545455655,14.8474275904082,"E033",1.09084396253792
"68","2_TssAFlnk",50917,906,6.21182952330061,5.01744475826549,"E033",0.807724155894012
"69","3_TxFlnk",1938,16,0.236434307130361,0.0886082959517085,"E033",0.374769199221386
"70","4_Tx",79468,33,9.69502658360966,0.182754610400399,"E033",0.0188503464971785
"71","5_TxWk",92044,123,11.2292875983008,0.681176275128759,"E033",0.0606606847643508
"72","6_EnhG",8299,15,1.01247075070942,0.0830702774547267,"E033",0.0820470886655446
"73","7_Enh",40427,123,4.93205868645981,0.681176275128759,"E033",0.138111956574812
"74","8_ZNF/Rpts",2033,6,0.248024224146555,0.0332281109818907,"E033",0.133971232431944
"75","9_Het",3296,0,0.402109120898694,0,"E033",0
"76","10_TssBiv",4003,261,0.488293996167325,1.44406329534137,"E034",2.95736442937245
"77","11_BivFlnk",25637,2576,3.12725285529396,14.2525174283501,"E034",4.55751999849414
"78","12_EnhBiv",43032,6918,5.24912996329561,38.2759765408875,"E034",7.29187061637473
"79","13_ReprPC",80984,4999,9.87859130292647,27.6585149939139,"E034",2.79984404109524
"80","14_ReprPCWk",183659,594,22.4030944396939,3.28648887905278,"E034",0.146697987989988
"81","15_Quies",137131,37,16.7275153605849,0.204713953745712,"E034",0.0122381566737688
"82","1_TssA",74040,1375,9.03154820790126,7.60761314595552,"E034",0.842337655829594
"83","2_TssAFlnk",64178,967,7.82856160030642,5.35022684519199,"E034",0.683423995154177
"84","3_TxFlnk",2385,45,0.29092709988985,0.248976430231271,"E034",0.855803499658636
"85","4_Tx",63198,38,7.70901922802464,0.210246763306407,"E034",0.0272728290185211
"86","5_TxWk",67510,63,8.23500566606448,0.34856700232378,"E034",0.0423274757126379
"87","6_EnhG",17587,48,2.14529765440788,0.265574858913356,"E034",0.123793944568805
"88","7_Enh",51400,145,6.269875444167,0.802257386300764,"E034",0.12795427811044
"89","8_ZNF/Rpts",1175,1,0.143328864725608,0.00553280956069492,"E034",0.0386022004101342
"90","9_Het",3874,7,0.472558316550641,0.0387296669248645,"E034",0.0819574337566737
"91","10_TssBiv",3361,309,0.409986045104564,1.71067928915463,"E035",4.17253052776059
"92","11_BivFlnk",11175,1972,1.36316395538337,10.9173448485855,"E035",8.00882740881684
"93","12_EnhBiv",12732,3551,1.5530920339992,19.6589713779549,"E035",12.6579564813897
"94","13_ReprPC",32566,5914,3.97250983185815,32.7409621878979,"E035",8.24188323596502
"95","14_ReprPCWk",76118,410,9.28512876562607,2.26983336101423,"E035",0.244459007334098
"96","15_Quies",252826,45,30.8405628799781,0.249128051818635,"E035",0.00807793465988813
"97","1_TssA",68436,1579,8.34805265777327,8.74162652936943,"E035",1.04714559044254
"98","2_TssAFlnk",102175,3506,12.4636489611898,19.4098433261363,"E035",1.55731627122812
"99","3_TxFlnk",470,7,0.0573321753047144,0.038753252505121,"E035",0.675942475567193
"100","4_Tx",46646,7,5.69003542396534,0.038753252505121,"E035",0.00681072253819365
"101","5_TxWk",123850,162,15.1076381095508,0.896860986547085,"E035",0.0593647385543412
"102","6_EnhG",4016,12,0.489885140476028,0.0664341471516359,"E035",0.135611680499394
"103","7_Enh",71333,558,8.70143842768339,3.08918784255107,"E035",0.355020364532248
"104","8_ZNF/Rpts",3635,13,0.443409483473696,0.0719703260809389,"E035",0.16231120163944
"105","9_Het",10445,18,1.27411610863349,0.0996512207274539,"E035",0.078212040529282
"106","10_TssBiv",2113,157,0.257752394242839,0.868987657054298,"E036",3.37140479182355
"107","11_BivFlnk",16607,2680,2.02578987751577,14.8336746554492,"E036",7.32241523175134
"108","12_EnhBiv",17580,3551,2.1444804026451,19.6546189184701,"E036",9.16521265208449
"109","13_ReprPC",38575,6593,4.70553649215215,36.4919466430509,"E036",7.75510862659588
"110","14_ReprPCWk",105893,355,12.9172618474003,1.96490839652405,"E036",0.152114931146921
"111","15_Quies",205566,32,25.0757826194621,0.177118503348647,"E036",0.0070633290309025
"112","1_TssA",79987,1521,9.75714186384379,8.41866386229036,"E036",0.862820688657473
"113","2_TssAFlnk",82680,2271,10.0856450336005,12.5698787845243,"E036",1.24631381955715
"114","3_TxFlnk",5162,244,0.629681902073608,1.35052858803343,"E036",2.14477910765102
"115","4_Tx",81666,108,9.96195316054693,0.597774948801683,"E036",0.0600057979763543
"116","5_TxWk",80949,84,9.87449056392028,0.464936071290198,"E036",0.0470845628218022
"117","6_EnhG",14599,60,1.78084581332286,0.332097193778713,"E036",0.186482845002205
"118","7_Enh",69456,290,8.47252735188386,1.60513643659711,"E036",0.18945190377464
"119","8_ZNF/Rpts",5517,55,0.672986256051936,0.304422427630486,"E036",0.452345682980773
"120","9_Het",13429,66,1.63812442133795,0.365306913156584,"E036",0.223003154338068
"121","10_TssBiv",1263,220,0.154089408457715,1.21802679658952,"E037",7.90467566058425
"122","11_BivFlnk",2898,806,0.353563820831717,4.4624072638689,"E037",12.6212214060014
"123","12_EnhBiv",9776,3196,1.19269838248822,17.6946074631824,"E037",14.8357771947906
"124","13_ReprPC",9338,3411,1.13926120045775,18.8849518325767,"E037",16.5764899436483
"125","14_ReprPCWk",65835,5042,8.03204766889444,27.9149595836563,"E037",3.47544744931757
"126","15_Quies",386957,670,47.209798280738,3.70944524415901,"E037",0.0785736304590925
"127","1_TssA",109427,2653,13.3503893106116,14.6882958697819,"E037",1.1002147973398
"128","2_TssAFlnk",42432,907,5.17681851122547,5.02159229321227,"E037",0.970015132329517
"129","3_TxFlnk",777,13,0.0947960968896632,0.0719743107075628,"E037",0.759253946830074
"130","4_Tx",20727,1,2.52874993594858,0.0055364854390433,"E037",0.00218941594830588
"131","5_TxWk",92181,250,11.2463307688366,1.38412135976082,"E037",0.123073150542237
"132","6_EnhG",4887,7,0.596227188545411,0.0387553980733031,"E037",0.0650010580159099
"133","7_Enh",70096,886,8.55190116805384,4.90532609899236,"E037",0.573594806885341
"134","8_ZNF/Rpts",718,0,0.0875979376663812,0,"E037",0
"135","9_Het",2342,0,0.285730320354686,0,"E037",0
"136","10_TssBiv",2154,338,0.262801507997511,1.87195392113425,"E038",7.12307145951376
"137","11_BivFlnk",3587,979,0.437636494515818,5.42202038103677,"E038",12.3893241285452
"138","12_EnhBiv",9060,3066,1.10537681636836,16.9805050952592,"E038",15.3617344274032
"139","13_ReprPC",9654,3305,1.17784854141503,18.3041648205583,"E038",15.5403383176654
"140","14_ReprPCWk",60514,5441,7.38308749069702,30.134027470093,"E038",4.08149402374861
"141","15_Quies",387130,620,47.2322877395898,3.43376163048294,"E038",0.0726994561308277
"142","1_TssA",113377,2777,13.8327050010371,15.3799291094373,"E038",1.11185260643412
"143","2_TssAFlnk",44017,799,5.37035003599185,4.42512184315463,"E038",0.823991325239073
"144","3_TxFlnk",1452,25,0.177153105669631,0.138458130261409,"E038",0.781573259684288
"145","4_Tx",27819,14,3.39409245635226,0.077536552946389,"E038",0.0228445612320532
"146","5_TxWk",97106,212,11.8475409636055,1.17412494461675,"E038",0.0991028389961717
"147","6_EnhG",5217,21,0.636506716445225,0.116304829419584,"E038",0.182723648336541
"148","7_Enh",56008,458,6.83332723301978,2.53655294638901,"E038",0.371203201587064
"149","8_ZNF/Rpts",1040,1,0.126886521967229,0.00553832521045636,"E038",0.0436478605023687
"150","9_Het",1495,0,0.182399375327892,0,"E038",0
"151","10_TssBiv",4433,541,0.540746261556271,2.99407825557585,"E039",5.53693750366183
"152","11_BivFlnk",10574,2736,1.28983780051794,15.1419558359621,"E039",11.7394263293275
"153","12_EnhBiv",10942,3424,1.33472718112987,18.949582157286,"E039",14.1973449145201
"154","13_ReprPC",20217,5038,2.46611034736818,27.8820078587636,"E039",11.3060666115445
"155","14_ReprPCWk",71990,1678,8.78148508220978,9.28662349881012,"E039",1.05752311959439
"156","15_Quies",321342,151,39.1979438711968,0.835685428081244,"E039",0.0213196240809794
"157","1_TssA",77239,1991,9.42176866599251,11.0188721013891,"E039",1.1695120621207
"158","2_TssAFlnk",59774,1293,7.29135281711359,7.15590237423211,"E039",0.981423139672577
"159","3_TxFlnk",35815,762,4.36878577884905,4.21716752448946,"E039",0.965295104398656
"160","4_Tx",57319,32,6.99188697634647,0.177098898666224,"E039",0.0253291992941747
"161","5_TxWk",80378,141,9.80467020333182,0.780342022248049,"E039",0.079588808808977
"162","6_EnhG",8891,28,1.08454207342585,0.154961536332946,"E039",0.142881996125289
"163","7_Enh",53817,239,6.56470596845789,1.32270739941336,"E039",0.201487683647783
"164","8_ZNF/Rpts",1935,4,0.236035194250256,0.022137362333278,"E039",0.0937883962753745
"165","9_Het",5127,11,0.625401778253779,0.0608777464165145,"E039",0.0973418185450237
"166","10_TssBiv",1140,116,0.139078495170682,0.642267869996124,"E040",4.6180242977745
"167","11_BivFlnk",4058,852,0.495070643335639,4.71734676928188,"E040",9.52863360569675
"168","12_EnhBiv",21903,5375,2.67213708747671,29.760256907148,"E040",11.1372493000539
"169","13_ReprPC",21729,5678,2.65090931716119,31.4379048779137,"E040",11.8592909513706
"170","14_ReprPCWk",83774,1956,10.2203174161656,10.8299651182105,"E040",1.05965056438273
"171","15_Quies",361356,283,44.0849550007869,1.56691213111123,"E040",0.0355430130547545
"172","1_TssA",91930,2046,11.2153386500358,11.3282763966558,"E040",1.01006993637411
"173","2_TssAFlnk",45871,987,5.59620144910032,5.46481368694978,"E040",0.97652197417381
"174","3_TxFlnk",771,25,0.0940609822601719,0.13841979956813,"E040",1.47159636484831
"175","4_Tx",15453,2,1.88524560164259,0.0110735839654504,"E040",0.00587381503810546
"176","5_TxWk",94328,180,11.5078914846141,0.996622556890538,"E040",0.0866034023889612
"177","6_EnhG",3854,12,0.470182912620885,0.0664415037927025,"E040",0.141309907291921
"178","7_Enh",69962,541,8.53527164836077,2.99540446265434,"E040",0.350944244783307
"179","8_ZNF/Rpts",929,6,0.113336773696109,0.0332207518963512,"E040",0.293115383586147
"180","9_Het",2623,2,0.320002537572543,0.0110735839654504,"E040",0.0346046754799251
"181","10_TssBiv",3927,287,0.479049074777767,1.58888335270996,"E041",3.31674443468459
"182","11_BivFlnk",15884,2935,1.93766628565573,16.2486851575043,"E041",8.3856984444592
"183","12_EnhBiv",22007,5177,2.68460223800212,28.6607983170016,"E041",10.6759943470549
"184","13_ReprPC",38037,5637,4.64007885340513,31.207440624481,"E041",6.72562721678304
"185","14_ReprPCWk",99164,387,12.096873555198,2.14250124564026,"E041",0.1771119815268
"186","15_Quies",268902,71,32.8029677376856,0.393068703980513,"E041",0.0119827177566296
"187","1_TssA",99858,2133,12.1815336157775,11.8086696562033,"E041",0.969391049490576
"188","2_TssAFlnk",64060,971,7.81458714801726,5.37562974035321,"E041",0.687896831724134
"189","3_TxFlnk",5408,184,0.6597141320087,1.01865692299175,"E041",1.54408837641562
"190","4_Tx",55137,24,6.72608322791489,0.132868294303272,"E041",0.0197541852815374
"191","5_TxWk",75693,71,9.23368006548346,0.393068703980513,"E041",0.0425690191985152
"192","6_EnhG",11677,42,1.42446041410237,0.232519515030726,"E041",0.163233398926884
"193","7_Enh",54952,144,6.70351534433101,0.797209765819631,"E041",0.118924135303697
"194","8_ZNF/Rpts",1637,0,0.199695272577338,0,"E041",0
"195","9_Het",3406,0,0.415493035063172,0,"E041",0
"196","10_TssBiv",2765,286,0.337307832129272,1.58343483556638,"E042",4.69433166010665
"197","11_BivFlnk",6992,1711,0.85296794294679,9.47292658620308,"E042",11.1058412740302
"198","12_EnhBiv",13636,3749,1.66348267591854,20.7562839109733,"E042",12.4776074986847
"199","13_ReprPC",29045,6230,3.54325713714095,34.4923042852397,"E042",9.73463199260541
"200","14_ReprPCWk",100499,1538,12.2600722680505,8.51511460524859,"E042",0.694540327257187
"201","15_Quies",299586,155,36.547090125237,0.858155243051711,"E042",0.0234808090086255
"202","1_TssA",52622,1256,6.41946211294994,6.95382571143838,"E042",1.08324117957024
"203","2_TssAFlnk",55243,1226,6.7392030995723,6.78773114826708,"E042",1.00720085861455
"204","3_TxFlnk",57807,1463,7.0519905431815,8.09987819732034,"E042",1.14859459151601
"205","4_Tx",53470,32,6.52291131426843,0.177167534049385,"E042",0.0271608068105791
"206","5_TxWk",81219,120,9.90806684184715,0.664378252685195,"E042",0.0670542764083065
"207","6_EnhG",8474,32,1.03376006128877,0.177167534049385,"E042",0.171381678093187
"208","7_Enh",52480,264,6.4021392514084,1.46163215590743,"E042",0.228303712010932
"209","8_ZNF/Rpts",1269,0,0.154807826029673,0,"E042",0
"210","9_Het",4619,0,0.563480968030781,0,"E042",0
"211","10_TssBiv",2693,213,0.328519600164931,1.17868407946434,"E043",3.58786531723704
"212","11_BivFlnk",15207,2912,1.85510492376833,16.1142161474185,"E043",8.68641764730227
"213","12_EnhBiv",19686,5004,2.40149901553911,27.690775275303,"E043",11.5306211229434
"214","13_ReprPC",30885,5490,3.76766723026138,30.3801671185878,"E043",8.06338916414341
"215","14_ReprPCWk",93294,470,11.3809534265826,2.60085219412318,"E043",0.228526740830723
"216","15_Quies",279662,100,34.116022436437,0.553372807260251,"E043",0.016220320182145
"217","1_TssA",79459,1519,9.69321905291691,8.40573294228322,"E043",0.867176620727842
"218","2_TssAFlnk",84153,1965,10.2658410370143,10.8737756626639,"E043",1.05921917390477
"219","3_TxFlnk",1425,29,0.173836030536586,0.160478114105473,"E043",0.923157952986611
"220","4_Tx",65036,38,7.93375444349292,0.210281666758895,"E043",0.0265046855504034
"221","5_TxWk",72063,94,8.79097955688281,0.520170438824636,"E043",0.0591709303222499
"222","6_EnhG",11678,30,1.42460151902193,0.166011842178075,"E043",0.116532124921537
"223","7_Enh",57598,201,7.02639135919038,1.11227934259311,"E043",0.158300226351364
"224","8_ZNF/Rpts",1633,6,0.199209991485084,0.0332023684356151,"E043",0.166670196550363
"225","9_Het",5266,0,0.642400376705728,0,"E043",0
"226","10_TssBiv",7719,608,0.94166415564358,3.36618314693832,"E044",3.57471729890547
"227","11_BivFlnk",22226,3621,2.71141696117816,20.0476137747758,"E044",7.39377751995205
"228","12_EnhBiv",11834,2752,1.4436654512095,15.2364079282471,"E044",10.5539742019054
"229","13_ReprPC",45007,7573,5.49054005091989,41.9278042298749,"E044",7.63637162119422
"230","14_ReprPCWk",99928,470,12.1905189461267,2.60214815635035,"E044",0.213456717293987
"231","15_Quies",285323,65,34.8074157119696,0.359871553537814,"E044",0.0103389334191237
"232","1_TssA",79896,1329,9.74675468056737,7.35798914848854,"E044",0.754916830230534
"233","2_TssAFlnk",64110,985,7.82097279677548,5.45343815745765,"E044",0.69728386725831
"234","3_TxFlnk",12660,378,1.544431689396,2.09279149595837,"E044",1.35505604445142
"235","4_Tx",66525,49,8.11558595079533,0.271287786513121,"E044",0.0334279974555054
"236","5_TxWk",73088,106,8.91622617018759,0.586867456538589,"E044",0.0658201626267453
"237","6_EnhG",8680,28,1.05889945212933,0.155021592293212,"E044",0.146398784116359
"238","7_Enh",32856,91,4.00820281096327,0.50382017495294,"E044",0.125697275989849
"239","8_ZNF/Rpts",1956,6,0.238618355802415,0.0332189126342598,"E044",0.13921356771801
"240","9_Het",7911,1,0.965086816335842,0.0055364854390433,"E044",0.00573677450083065
"241","10_TssBiv",5567,725,0.679193166831168,4.01306321266467,"E045",5.90857418573269
"242","11_BivFlnk",8797,2000,1.07326428751819,11.0705192073508,"E045",10.3148118651653
"243","12_EnhBiv",10122,2953,1.23491884940993,16.3456216096535,"E045",13.236190878019
"244","13_ReprPC",17455,5203,2.12957009646812,28.7999557179232,"E045",13.5238355223374
"245","14_ReprPCWk",73552,2870,8.97359723491397,15.8861950625484,"E045",1.77032628573292
"246","15_Quies",356531,380,43.4980095138285,2.10339864939666,"E045",0.0483562046380068
"247","1_TssA",116525,2560,14.2164511882525,14.1702645854091,"E045",0.996751186197464
"248","2_TssAFlnk",41023,859,5.0049472396111,4.75478799955718,"E045",0.950017606964152
"249","3_TxFlnk",1343,37,0.163850623864605,0.20480460533599,"E045",1.24994705851853
"250","4_Tx",51286,22,6.25706857447517,0.121775711280859,"E045",0.0194621027133418
"251","5_TxWk",94256,183,11.4995565174849,1.0129525074726,"E045",0.088086223667184
"252","6_EnhG",3692,15,0.450436711323994,0.0830288940551312,"E045",0.184329767018944
"253","7_Enh",35953,250,4.3863897839197,1.38381490091885,"E045",0.315479236704374
"254","8_ZNF/Rpts",1053,8,0.128469625412829,0.0442820768294033,"E045",0.344689078738306
"255","9_Het",2494,1,0.304276586685276,0.00553525960367541,"E045",0.0181915396908298
"256","10_TssBiv",1412,140,0.172251418756374,0.774979241627456,"E046",4.49911674006911
"257","11_BivFlnk",10848,1501,1.32335934183367,8.30888458344866,"E046",6.2786306944686
"258","12_EnhBiv",29858,5690,3.64240995837664,31.4973706061445,"E046",8.64739855372631
"259","13_ReprPC",30709,6212,3.74622437577159,34.3869360642126,"E046",9.17909143045657
"260","14_ReprPCWk",80877,937,9.86627336739325,5.18682535289233,"E046",0.525712714390635
"261","15_Quies",275481,115,33.6062274011506,0.636590091336839,"E046",0.0189426228579005
"262","1_TssA",76840,1588,9.37379533798851,8.79047882646001,"E046",0.937771575920317
"263","2_TssAFlnk",64126,1327,7.82280062264252,7.34569609742596,"E046",0.939011033486445
"264","3_TxFlnk",1471,60,0.179448893052851,0.332133960697481,"E046",1.85085544439475
"265","4_Tx",67241,26,8.20280286727857,0.143924716302242,"E046",0.0175457972879448
"266","5_TxWk",80416,132,9.8100354750089,0.730694713534459,"E046",0.0744844109275554
"267","6_EnhG",14709,52,1.79436693943874,0.287849432604484,"E046",0.160418377243687
"268","7_Enh",70987,257,8.65978148956,1.42264046498755,"E046",0.164281335124061
"269","8_ZNF/Rpts",1820,15,0.222023783382862,0.0830334901743703,"E046",0.373984664657236
"270","9_Het",12937,13,1.57819872836488,0.071962358151121,"E046",0.0455977798345325
"271","10_TssBiv",2849,349,0.347581448007964,1.93201948627104,"E047",5.55846549734947
"272","11_BivFlnk",4421,969,0.539367350524117,5.36426040744021,"E047",9.94546741145459
"273","12_EnhBiv",14618,4170,1.78341369146382,23.0845881310895,"E047",12.944045591655
"274","13_ReprPC",24260,6334,2.95974936071366,35.0642161204606,"E047",11.8470221113608
"275","14_ReprPCWk",83347,2200,10.1684348708739,12.1789193976971,"E047",1.19771818892029
"276","15_Quies",345951,189,42.2064406878916,1.04627989371125,"E047",0.0247895789519018
"277","1_TssA",105132,2462,12.8262312362139,13.6293179805137,"E047",1.06261283844879
"278","2_TssAFlnk",46028,793,5.61547170547932,4.38994685562445,"E047",0.781759233394576
"279","3_TxFlnk",599,11,0.0730787249409514,0.0608945969884854,"E047",0.833273938997828
"280","4_Tx",21556,9,2.62985808819223,0.049822852081488,"E047",0.0189450724756545
"281","5_TxWk",95052,182,11.5964590368736,1.00752878653676,"E047",0.0868824512148998
"282","6_EnhG",4385,14,0.534975306955045,0.0775022143489814,"E047",0.144870638590977
"283","7_Enh",67796,374,8.27119405024498,2.0704162976085,"E047",0.250316494212487
"284","8_ZNF/Rpts",1240,8,0.151281500712487,0.0442869796279894,"E047",0.292745507014486
"285","9_Het",2430,0,0.296462940912374,0,"E047",0
"286","10_TssBiv",2422,371,0.29550135183938,2.05449108428397,"E048",6.95256069556221
"287","11_BivFlnk",3049,767,0.37199984383083,4.24742496400487,"E048",11.4178138363317
"288","12_EnhBiv",8492,2730,1.03608483890174,15.1179532617123,"E048",14.5914240746322
"289","13_ReprPC",13735,4165,1.67576840112051,23.0645697197918,"E048",13.7635783705967
"290","14_ReprPCWk",84833,5362,10.3502337657267,29.6932107653118,"E048",2.86884445679251
"291","15_Quies",372306,719,45.4239992972387,3.98161479676598,"E048",0.087654430661459
"292","1_TssA",111082,2620,13.5527998204055,14.5088049617898,"E048",1.07053930951927
"293","2_TssAFlnk",37066,588,4.52231755048656,3.25617454867649,"E048",0.720023419922413
"294","3_TxFlnk",1088,28,0.132743794715626,0.155055930889357,"E048",1.16808421230936
"295","4_Tx",20188,3,2.46308063209472,0.0166131354524311,"E048",0.00674486057661153
"296","5_TxWk",103444,307,12.6209090997823,1.70007752796544,"E048",0.134703254300022
"297","6_EnhG",4314,10,0.526338906620597,0.0553771181747702,"E048",0.105211903353912
"298","7_Enh",55064,385,6.71820249285038,2.13201904972865,"E048",0.317349626183132
"299","8_ZNF/Rpts",874,3,0.106634261563839,0.0166131354524311,"E048",0.155795475195233
"300","9_Het",1667,0,0.203385942822563,0,"E048",0
"301","10_TssBiv",2096,68,0.255674610145012,0.376335159665726,"E050",1.47193012028953
"302","11_BivFlnk",31926,4289,3.89440248258095,23.7367867618573,"E050",6.09510364376262
"303","12_EnhBiv",21578,5080,2.63213107715128,28.1144501632631,"E050",10.68125003626
"304","13_ReprPC",43221,4195,5.27219099478892,23.2165587470253,"E050",4.40358833167704
"305","14_ReprPCWk",65544,54,7.9951987821301,0.298854391499253,"E050",0.0373792321670871
"306","15_Quies",233212,40,28.4477038077952,0.22137362333278,"E050",0.00778177475512522
"307","1_TssA",66039,1436,8.05557995198782,7.9473130776468,"E050",0.986560014923034
"308","2_TssAFlnk",104706,2430,12.7722641840857,13.4484476174664,"E050",1.05294154768762
"309","3_TxFlnk",1285,85,0.156747077307415,0.470418949582157,"E050",3.00113378611561
"310","4_Tx",72524,105,8.84663426820462,0.581105761248547,"E050",0.0656866491403493
"311","5_TxWk",79644,44,9.71514725686516,0.243510985666058,"E050",0.0250650843705928
"312","6_EnhG",8431,41,1.0284316021625,0.226907963916099,"E050",0.220634958551426
"313","7_Enh",73326,179,8.94446396159026,0.99064696441419,"E050",0.110755319566189
"314","8_ZNF/Rpts",4094,23,0.49939496847981,0.127289833416348,"E050",0.254888097498913
"315","9_Het",12166,0,1.4840349747253,0,"E050",0
"316","10_TssBiv",3138,132,0.38278422460578,0.730169266511782,"E051",1.90752183495484
"317","11_BivFlnk",40935,5424,4.99339459344729,30.0033189512114,"E051",6.00860164157346
"318","12_EnhBiv",15703,3779,1.91550690853555,20.903861046576,"E051",10.9129656246228
"319","13_ReprPC",58748,4402,7.16628668806257,24.3500387210975,"E051",3.39785997700304
"320","14_ReprPCWk",65636,38,8.00650903958731,0.210200243389755,"E051",0.026253669651835
"321","15_Quies",196210,32,23.9343826354047,0.177010731275584,"E051",0.00739566731141592
"322","1_TssA",69311,1498,8.45479840396788,8.28631485783826,"E051",0.980072434837647
"323","2_TssAFlnk",119123,2221,14.5310405314577,12.285651067596,"E051",0.845476347065389
"324","3_TxFlnk",2904,234,0.354240085486037,1.2943909724527,"E051",3.65399350747313
"325","4_Tx",81326,113,9.9204301626162,0.625069144816905,"E051",0.063008270263561
"326","5_TxWk",76540,30,9.33661712916711,0.16594756057086,"E051",0.0177738423108781
"327","6_EnhG",9593,41,1.17018772040894,0.226794999446841,"E051",0.193810783937798
"328","7_Enh",59660,106,7.27753564052926,0.586348047350371,"E051",0.0805695878815
"329","8_ZNF/Rpts",6071,28,0.740561831606657,0.154884389866136,"E051",0.209144440417773
"330","9_Het",14885,0,1.81572440511696,0,"E051",0
"331","10_TssBiv",9007,1168,1.09876168204347,6.46768924082175,"E052",5.88634400572939
"332","11_BivFlnk",8784,1473,1.07155796769955,8.15659781826236,"E052",7.61190534168967
"333","12_EnhBiv",6423,828,0.783540166955172,4.58497148236336,"E052",5.85161000766624
"334","13_ReprPC",58668,6496,7.15689467770918,35.9709839968991,"E052",5.02606027009648
"335","14_ReprPCWk",118812,866,14.49384622704,4.79539287889695,"E052",0.330857165432773
"336","15_Quies",181604,216,22.1538266354861,1.19607951713827,"E052",0.0539897479933505
"337","1_TssA",120903,4100,14.7489267951707,22.7033612049394,"E052",1.53932292974518
"338","2_TssAFlnk",59576,1545,7.2676613710916,8.55529099064178,"E052",1.17717248421507
"339","3_TxFlnk",4781,320,0.583232996763612,1.77196965501966,"E052",3.03818485039839
"340","4_Tx",50099,130,6.11156450635018,0.719862672351736,"E052",0.117786971176328
"341","5_TxWk",104490,591,12.746709021508,3.27260645661443,"E052",0.256741285228402
"342","6_EnhG",9967,49,1.2158718424478,0.271332853424885,"E052",0.223159089595032
"343","7_Enh",73715,271,8.99247445229652,1.50063680159477,"E052",0.166876960235515
"344","8_ZNF/Rpts",1334,5,0.16273432706184,0.0276870258596822,"E052",0.170136358809908
"345","9_Het",11578,1,1.4123973303763,0.00553740517193643,"E052",0.00392057181987247
